2 (.086)-56,,Unnamed: 0,,,,,,,,,,,,,,,,
,,8551-02-15,,,,,,,,,,,,,,,,
,,Unnamed: 1,,,,,,,,,,,,,,,,
,,8557-02-15,,,,,,,,,,,,,,,,
,,8553-02,,,,,,,,,,,,,,,,
,,8559-02,,,,,,,,,,,,,,,,
,,8560-02,,,,,,,,,,,,,,,,
,,8561-02,,,,,,,,,,,,,,,,
4 (.112)-40,,8551-04,,,,,,,,,,,,,,,,
5 (.112)-40,,8551-04-15,,,,,,,,,,,,,,,,
6 (.112)-40,,8557-04,,,,,,,,,,,,,,,,
7 (.112)-40,,8557-04-15,,,,,,,,,,,,,,,,
8 (.112)-40,,8553-04,,,,,,,,,,,,,,,,
9 (.112)-40,,8559-04,,,,,,,,,,,,,,,,
10 (.112)-40,,8560-04,,,,,,,,,,,,,,,,
11 (.112)-40,,8561,,,,,,,,,,,,,,,,
